[
  {
    "jpg": "/gallery/event1.jpg?v=1762557579755",
    "webp": "/gallery/event1.webp?v=1762557579755"
  },
  {
    "jpg": "/gallery/event2.jpg?v=1762557579755",
    "webp": "/gallery/event2.webp?v=1762557579755"
  },
  {
    "jpg": "/gallery/event3.jpg?v=1762557579755",
    "webp": "/gallery/event3.webp?v=1762557579755"
  },
  {
    "jpg": "/gallery/event4.jpg?v=1762557579755",
    "webp": "/gallery/event4.webp?v=1762557579755"
  },
  {
    "jpg": "/gallery/event5.jpg?v=1762557579755",
    "webp": "/gallery/event5.webp?v=1762557579755"
  },
  {
    "jpg": "/gallery/event6.jpg?v=1762557579755",
    "webp": "/gallery/event6.webp?v=1762557579755"
  }
]
